ZipCode,MEAN_Total_Time,COUNT_Total_Time,STD_Total_Time
20105,35.52162196,5,7.571895862
20106,65.58858024,5,5.526628026
20109,28.55185161,5,5.526487274
20110,31.17544856,5,3.886191973
20111,28.5444827,5,4.100334557
20112,40.35878803,5,10.24257174
20115,79.5675538,5,5.526628026
20117,54.28698207,5,7.572500953
20119,62.20785657,5,5.518535616
20120,23.87195186,5,5.582519509
20121,23.32288721,5,5.517265163
20124,27.33495584,5,4.35772748
20129,43.81334855,5,8.197416955
20130,64.19141318,5,5.95292125
20132,48.11793305,5,8.197416955
20135,59.41490549,5,8.198187817
20136,38.28913098,5,5.526530398
20137,47.82776931,5,5.526628026
20141,53.40480105,5,8.198187817
20143,38.35848309,5,5.526487274
20147,36.02457134,5,8.194132075
20148,32.96255132,5,8.194132075
20151,24.61168296,5,7.571081224
20152,32.26343895,5,7.571791072
20155,33.02218504,5,5.526487274
20158,45.08239021,5,8.197416955
20164,27.0683459,5,7.745283348
20165,30.87849,5,7.674126873
20166,27.23907917,5,8.194132071
20169,36.90672512,5,5.526487274
20170,21.55255844,5,9.174541074
20171,23.73017803,5,9.579931364
20175,31.94299456,5,8.194132075
20176,38.49118139,5,8.197416955
20180,51.96815674,5,2.627543163
20181,42.37475917,5,3.847325869
20184,59.55490101,5,7.572651809
20186,52.71133914,5,5.526628026
20187,47.51056717,5,5.526628026
20190,19.31819715,5,5.483679184
20191,19.99309924,5,6.992397532
20194,21.77856362,5,6.81558658
20198,46.19834327,5,5.526628026
22003,14.30034232,5,5.814585905
22015,20.25937353,5,6.948433406
22025,30.89374776,5,8.0183059
22026,28.01491639,5,8.016886718
22027,14.44641713,5,5.646807178
22030,17.19991318,5,6.608186441
22031,13.48050893,5,9.321871648
22032,21.04963705,5,6.047345172
22033,20.58626255,5,6.175830947
22035,19.25934236,5,5.971955295
22039,22.16273104,5,9.289909734
22041,15.91758407,5,2.313183216
22042,13.02998576,5,7.325163405
22043,12.75525727,5,6.055383579
22044,14.64492834,5,3.811112717
22046,13.79098868,5,4.251267186
22060,24.0719625,5,5.790188824
22066,23.56150963,5,3.031426714
22079,16.95732351,5,6.137580143
22101,16.13095229,5,2.033156657
22102,13.72444788,5,3.848201364
22124,19.82073871,5,6.802791955
22134,32.12827756,5,8.017906316
22150,13.66260531,5,4.38284969
22151,15.91876534,5,4.805044542
22152,18.17309052,5,7.698705209
22153,20.01708711,5,9.981101918
22172,27.76657509,5,8.017594674
22180,16.14273205,5,8.716050507
22181,18.60452732,5,7.222535713
22182,17.28858164,5,2.928543291
22191,23.26264558,5,9.058831888
22192,24.35086186,5,10.95314168
22193,29.30460327,5,10.12130306
22201,11.86065139,5,1.426522391
22202,13.19109131,5,2.803225778
22203,13.50398818,5,0.721673456
22204,14.43096398,5,0.636963041
22205,12.61849943,5,1.942247805
22206,14.50387987,5,0.832985303
22207,13.35047787,5,0.956274369
22209,10.2693905,5,2.370318861
22211,14.03690697,5,2.008450976
22213,13.31627431,5,3.646239868
22301,17.00115899,5,1.178374645
22302,14.69187164,5,0.748493378
22303,19.16426268,5,0.96191742
22304,16.6739307,5,1.70129946
22305,15.51098822,5,1.591846031
22306,22.73745557,5,0.154229173
22307,20.92244724,5,0.409313127
22308,27.58425544,5,0.46951149
22309,23.41420931,5,3.845099917
22310,17.46743033,5,2.899857996
22311,15.51586166,5,0.797406413
22312,15.0389633,5,2.07058866
22314,18.28884435,5,0.676219404
22315,17.53716649,5,4.73406605
22401,46.76885609,5,7.01098596
22405,51.72985834,5,8.018956798
22406,47.64066324,5,8.018956798
22407,53.62617727,5,6.349211435
22408,60.02216445,5,5.521106563
22427,60.77194566,5,7.50920358
22435,103.3427719,5,13.42540496
22436,84.25081968,5,5.312390074
22437,88.33421322,5,4.027118796
22438,82.15172571,5,1.914445448
22443,98.56760939,5,1.98197322
22448,86.11383808,5,3.016370197
22454,77.87395546,5,15.63718763
22460,109.2845261,5,13.42540496
22469,105.7220985,5,13.42540496
22473,126.9614864,5,2.995095432
22480,94.92197445,5,2.998248571
22482,98.70267447,5,2.998248571
22485,79.22145606,5,5.556107469
22488,112.4252443,5,13.42540496
22503,121.1989268,5,2.997012775
22508,80.14486424,5,6.620974705
22511,115.206443,5,12.77747401
22514,53.09124468,5,11.96674816
22520,111.8208215,5,6.855575871
22529,97.49169691,5,13.42540496
22534,63.53784819,5,4.567485957
22538,67.78971956,5,2.476629888
22539,124.0574525,5,2.883243292
22546,39.91958819,5,10.27373188
22551,67.57526857,5,2.02739448
22553,58.92074201,5,6.254885364
22554,34.61754126,5,8.018778827
22556,41.54024217,5,8.018778827
22560,85.16564393,5,13.36276982
22567,70.93305239,5,5.659073757
22572,87.70326388,5,13.42445327
22576,102.0536034,5,2.998248571
22578,98.87759673,5,2.998248571
22580,57.57871839,5,4.099561663
22601,72.57244562,5,8.123856352
22602,72.03510341,5,8.103987676
22603,77.16204732,5,7.69125476
22610,76.48295326,5,9.686116171
22611,63.59600239,5,7.788876809
22620,69.8716986,5,7.101775336
22624,77.15628836,5,5.688861302
22625,92.92739298,5,8.151960857
22630,68.79067982,5,4.263759612
22637,89.20194926,5,8.386353777
22639,66.61829105,5,5.526628026
22640,82.65033105,5,3.908873112
22642,69.13283006,5,5.064595691
22643,53.40338095,5,5.526628026
22644,75.01998071,5,17.00367502
22645,66.47758734,5,8.53651078
22650,120.2961125,5,16.80794899
22652,98.98916837,5,21.63253434
22654,89.04945152,5,11.66350357
22655,73.73600865,5,8.036208484
22656,76.95265604,5,7.464459595
22657,70.37861262,5,11.38184854
22663,70.49544093,5,4.9622174
22664,81.22846628,5,22.23070916
22701,73.36235359,5,10.36601433
22709,66.69190228,5,19.74241673
22712,64.30852163,5,4.096612735
22713,89.99468325,5,5.238904702
22714,71.7221793,5,3.319149803
22715,69.74222919,5,21.26952217
22720,69.19315618,5,8.010444546
22726,80.82731879,5,6.258271363
22727,72.03835562,5,28.33252134
22728,65.51117609,5,4.347441851
22733,84.41784262,5,16.81396837
22734,66.30480045,5,4.320651167
22735,82.31196395,5,17.11783903
22737,70.25627591,5,5.231233103
22740,75.60990911,5,7.941964278
22742,67.98686593,5,8.010444546
22743,90.66415901,5,23.90167629
22747,86.09745055,5,8.677574454
22801,68.05929943,5,42.08315371
22802,70.63914946,5,43.4209314
22807,65.95767886,5,42.78720157
22810,98.90697018,5,27.60842741
22811,117.4367602,5,36.78681929
22812,74.46597698,5,38.06593485
22815,80.6058443,5,37.24110386
22821,79.88503021,5,43.07185289
22824,82.96531353,5,24.41561639
22827,69.6172946,5,37.87824994
22830,109.2644617,5,36.78578492
22831,88.26175323,5,43.44639478
22832,83.439923,5,43.41045963
22834,87.97960542,5,40.03025597
22835,79.67847216,5,23.22086516
22840,79.21300984,5,43.78491527
22841,69.25567676,5,37.30715837
22842,76.32695277,5,27.6075622
22843,90.39697467,5,38.0682618
22844,77.09614342,5,31.93089497
22847,85.08083647,5,31.92326924
22849,79.43445759,5,35.22986006
22851,82.1154313,5,27.08273498
22853,81.06383206,5,34.59498245
22901,41.65574571,5,31.78435475
22902,39.61399588,5,30.85903139
22903,39.49300935,5,32.54870608
22904,42.40657888,5,32.95733382
22911,50.89995185,5,30.29583899
22920,58.94375061,5,23.53158883
22923,57.76544462,5,23.24768556
22932,50.59697381,5,29.62831787
22936,56.97217555,5,30.6517352
22937,73.14868073,5,26.40450588
22939,59.58987573,5,29.78336299
22940,62.50716509,5,30.92153815
22942,48.78687539,5,16.78910958
22946,62.50068318,5,30.00241222
22947,44.99135575,5,25.51514508
22949,69.45477945,5,25.0329572
22952,64.03485311,5,30.61607724
22958,80.26528486,5,23.19978614
22959,51.68959232,5,27.8999462
22960,67.81024775,5,16.81396837
22963,55.08393246,5,19.83279849
22964,67.00661155,5,28.07047616
22967,73.75515087,5,25.5445508
22968,55.24134764,5,29.94701726
22969,63.68416796,5,26.63806092
22971,66.71977154,5,25.48693054
22973,57.36004798,5,29.48040812
22974,45.44037562,5,16.48653345
22976,72.8422541,5,11.33837029
22980,55.81290672,5,30.9296657
23002,61.47708471,5,20.0109677
23004,78.94629865,5,16.5108589
23005,26.81829662,5,23.22838571
23009,62.08729314,5,20.20050459
23011,49.73938296,5,2.942412955
23015,52.3798699,5,15.06538473
23022,66.60854812,5,16.51028211
23024,54.99865947,5,7.567117448
23027,69.18224439,5,7.56672869
23030,57.85354983,5,11.95133527
23035,77.88918653,5,9.133557259
23038,55.28301685,5,4.555991536
23040,68.69559312,5,8.824160714
23043,102.8075996,5,8.094299593
23047,45.47983734,5,17.23090323
23055,55.11876353,5,16.51028211
23059,29.62382617,5,19.73580352
23060,22.33167868,5,21.86437265
23061,64.73430432,5,9.133327786
23062,41.72189352,5,9.133327786
23063,44.47529171,5,4.964499556
23064,93.21616145,5,9.133557259
23065,34.56420675,5,4.964982755
23070,94.3112617,5,8.094299593
23071,83.84181123,5,7.964186684
23072,46.52587612,5,9.133327786
23075,28.04605533,5,21.99282516
23076,84.88405816,5,9.133557259
23079,85.52062698,5,2.877956575
23083,72.65973196,5,16.5434589
23086,62.71070003,5,23.02853476
23089,48.36345841,5,2.019546229
23093,56.35434089,5,10.55483273
23102,30.84834714,5,11.29885108
23103,33.34259356,5,17.00585838
23106,49.25484395,5,23.02853476
23109,94.36410984,5,9.133327786
23110,68.33457517,5,2.901433766
23111,31.52831987,5,23.02853476
23112,36.39042836,5,25.14207155
23113,33.96942079,5,22.59519315
23114,35.35239714,5,23.4132301
23116,30.49120654,5,23.28369012
23117,49.94935883,5,1.752972632
23119,95.59037912,5,9.133327786
23120,50.06223876,5,22.36446101
23123,83.36083096,5,16.5108589
23124,42.27732675,5,10.9222397
23128,84.49201245,5,9.133557259
23129,27.41006516,5,11.36394071
23138,106.4840228,5,9.133327786
23139,44.90291084,5,12.83463906
23140,46.25940983,5,7.524739239
23141,34.68473794,5,15.5904866
23146,30.46272119,5,13.06633877
23148,68.31201263,5,23.02853476
23149,79.08591152,5,2.87898425
23150,30.54814773,5,19.16595015
23156,67.10557771,5,2.170883753
23161,75.40166524,5,10.26985982
23168,50.14738363,5,4.553101433
23169,84.01484639,5,2.99682639
23173,18.84409596,5,26.28724422
23175,81.43210612,5,2.878413787
23180,95.46809564,5,2.877868923
23181,57.05745665,5,2.902083173
23185,44.4137713,5,9.133472997
23188,51.81659067,5,8.375283996
23192,40.93230565,5,14.86157318
23219,21.55080695,5,25.7646671
23220,19.74717068,5,26.38348142
23221,20.84498295,5,26.59983839
23222,23.23690709,5,25.57195655
23223,25.14107309,5,25.32060923
23224,27.02754395,5,26.33662156
23225,24.40837968,5,26.63173253
23226,15.42660126,5,27.05487388
23227,20.1842464,5,25.34625524
23228,19.99381707,5,24.74008603
23229,18.46327418,5,24.41888096
23230,16.73468153,5,26.11251318
23231,30.01257369,5,25.51235548
23233,21.62323268,5,20.58015148
23234,30.68390823,5,26.63245336
23235,27.67588287,5,26.63203558
23236,30.38309976,5,26.63267123
23237,35.69708368,5,26.61010819
23238,24.28738105,5,22.61820295
23294,19.14030232,5,22.46138941
23301,130.4274861,5,3.298003969
23303,139.0343539,5,3.298003969
23308,131.8240516,5,3.298003969
23310,67.99371468,5,2.88327308
23314,26.70646966,5,4.670884979
23315,57.15179803,5,2.401951676
23320,16.05491543,5,5.923892036
23321,16.24699162,5,4.100730663
23322,22.19557345,5,6.688527908
23323,19.13565683,5,1.54420867
23324,13.68277378,5,6.106116704
23325,14.57931598,5,3.338566676
23336,161.8703373,5,3.298003969
23347,79.9106317,5,2.88327308
23350,97.31931284,5,3.298003969
23357,119.4611528,5,3.298003969
23359,138.6086316,5,3.298003969
23395,154.2698916,5,3.298003969
23405,79.05655733,5,2.88327308
23410,110.5586488,5,3.298003969
23414,128.7631453,5,3.298003969
23415,150.0201952,5,3.298003969
23417,123.7036337,5,3.298003969
23418,113.2066586,5,3.298003969
23420,103.0346196,5,3.298003969
23421,121.7509024,5,3.298003969
23423,108.6929434,5,3.298003969
23426,154.3058077,5,3.298003969
23430,35.91331028,5,3.917964599
23432,34.5139017,5,3.839517507
23433,27.00847869,5,3.953506018
23434,30.08109487,5,2.401951676
23435,15.05832314,5,4.627650634
23436,24.92256178,5,4.318310488
23437,55.96149126,5,2.401951676
23438,52.63087932,5,2.401951676
23451,22.31767873,5,3.681157259
23452,16.70658972,5,4.1882197
23453,21.01777072,5,8.816648422
23454,24.37969043,5,3.846576614
23455,20.19333705,5,2.959123359
23456,20.0538535,5,9.625912233
23457,50.38501664,5,9.83949322
23462,14.21639001,5,2.855347936
23464,15.69257895,5,1.46206177
23480,117.5169171,5,3.298003969
23487,52.43303506,5,2.499443506
23502,14.03967099,5,4.699235439
23503,18.26714296,5,4.76496249
23504,11.8767647,5,7.199025067
23505,16.82534834,5,5.302812121
23507,9.202585355,5,8.0506339
23508,12.48974683,5,7.762058843
23509,13.55251188,5,7.198770555
23510,9.714152906,5,7.153932878
23513,15.2534123,5,5.056804387
23517,10.324797,5,7.562812524
23518,20.04683906,5,4.224489035
23523,11.64016444,5,5.991213348
23601,25.40004714,5,10.04067521
23602,31.52944191,5,9.170750652
23603,31.27878422,5,9.17079752
23604,38.04181299,5,9.170799109
23605,22.39111344,5,8.539645936
23606,29.54546547,5,9.462585652
23607,19.58972103,5,6.946814554
23608,35.35965959,5,9.170799109
23661,20.40554343,5,8.001449491
23662,33.6000575,5,11.72624537
23663,20.52101929,5,5.27456998
23664,25.38722718,5,5.27456998
23665,27.49194895,5,11.16117983
23666,22.76452409,5,10.9368533
23669,20.70781579,5,6.60880089
23690,38.69690997,5,9.133327786
23692,31.92189774,5,9.170628077
23693,28.47210052,5,10.41174894
23696,42.47143419,5,9.170655408
23701,14.34995199,5,4.403828035
23702,14.10807924,5,5.066755522
23703,13.29070512,5,6.480366799
23704,11.70274854,5,6.046497552
23707,11.29758641,5,5.907864791
23708,11.9689798,5,7.243692688
23801,51.14851939,5,21.11127782
23803,45.84031243,5,25.86464146
23805,53.35257699,5,25.86464146
23821,85.5196798,5,14.25591222
23824,85.18092966,5,15.65824914
23828,107.3072472,5,2.401951676
23829,91.71410681,5,2.401951676
23830,64.8143585,5,23.85021768
23831,39.25173056,5,25.86464146
23832,36.64722211,5,26.08249516
23833,65.0862952,5,25.86464146
23834,43.09043322,5,25.86464146
23836,39.08091881,5,22.19698062
23837,84.41583119,5,2.401951676
23838,49.28095208,5,25.14207155
23839,82.73913528,5,5.745650611
23840,71.39602714,5,25.86464146
23841,61.96721862,5,25.86464146
23842,55.64278432,5,21.69144201
23843,81.27213314,5,21.25640079
23844,91.68500686,5,2.57018436
23845,113.4364056,5,4.102742775
23846,80.06592598,5,5.4773403
23847,81.21540555,5,16.70497439
23850,76.9074602,5,25.14175341
23851,67.11124711,5,2.401951676
23856,95.56085308,5,16.7049793
23860,46.83552448,5,20.25372403
23866,60.8953221,5,2.401951676
23867,76.99008083,5,23.36771049
23868,92.95634808,5,13.15249088
23872,70.77618463,5,25.86464146
23874,86.50321223,5,2.401951676
23875,54.2269817,5,20.11324012
23876,82.1207501,5,20.94730901
23878,79.74481474,5,2.401951676
23881,78.34937186,5,3.125242408
23882,68.93027748,5,23.84941193
23883,65.15314021,5,3.918387325
23885,56.01591664,5,25.86464146
23887,109.7642525,5,5.558979131
23888,69.15420663,5,1.4723946
23890,63.76495466,5,7.7202455
23893,104.6116067,5,9.512568584
23894,71.30576453,5,25.86464146
23898,54.39625069,5,1.657780513
23901,89.33725627,5,8.468389912
23917,111.3642706,5,4.309769062
23919,99.18242549,5,4.102534329
23920,93.26376894,5,12.74819462
23921,92.16467065,5,21.95451802
23922,79.5379495,5,8.673760156
23923,117.1988563,5,21.12373999
23924,118.5961647,5,3.749375699
23927,100.6402481,5,18.365132
23930,84.50596814,5,10.13282427
23936,81.13215395,5,9.076289436
23937,116.4988381,5,11.97481078
23942,90.85646418,5,2.640597275
23944,99.52075399,5,8.806978966
23947,109.4713657,5,3.264965972
23950,89.87026634,5,3.183266933
23954,96.66728,5,2.085816517
23958,102.6024171,5,28.34428883
23959,117.7800268,5,28.72263485
23960,92.91306311,5,20.24651869
23962,125.4756077,5,16.14681455
23964,119.1755634,5,8.730033669
23966,80.15492002,5,2.547336426
23967,122.8704822,5,8.290100885
23968,118.5563411,5,8.315481339
23970,90.97324858,5,2.971373122
23974,108.545446,5,10.13224936
24011,60.46313962,5,55.69854878
24012,61.40218986,5,51.83538055
24013,61.335662,5,55.63120461
24014,65.76250273,5,56.42558358
24015,64.28306164,5,55.74623959
24016,61.37856891,5,55.63921794
24017,63.6750998,5,51.93275573
24018,69.61434051,5,55.37628628
24019,62.28496876,5,48.4453256
24020,62.4049026,5,45.8949949
24053,123.4014391,5,4.25348389
24054,111.0500246,5,18.72661444
24055,119.8963085,5,39.27888279
24059,88.48657428,5,55.87684089
24060,101.1125433,5,47.32691151
24064,71.98549255,5,46.51992473
24065,78.23782678,5,55.64487793
24066,65.2638352,5,27.82419494
24067,105.0841524,5,55.64716485
24069,119.8837456,5,12.93178949
24070,98.21419632,5,47.32691151
24072,108.0969266,5,55.87763962
24073,92.29026428,5,47.32691151
24078,108.3845277,5,38.02087002
24079,105.2543423,5,55.87758387
24082,129.8279794,5,28.1549543
24083,67.14159336,5,40.89659323
24084,106.9333795,5,45.65767453
24085,81.62788798,5,30.5962753
24087,79.7165259,5,47.32691151
24088,113.4891411,5,55.64722271
24089,115.3114524,5,36.59034543
24090,76.74659629,5,37.36613888
24091,114.6781397,5,49.90336282
24092,95.90637809,5,54.88456248
24095,83.450599,5,52.40639675
24101,88.9436,5,52.95534869
24102,110.946222,5,51.07297307
24104,91.95601574,5,32.53591653
24105,120.2927306,5,38.83029704
24112,109.5750863,5,31.43974508
24120,135.6957461,5,29.48246134
24121,86.54277975,5,46.86231067
24122,69.21982521,5,38.92375979
24124,112.5615943,5,28.9106739
24127,107.7211559,5,47.32691151
24128,117.6094149,5,40.24769048
24132,121.2180954,5,41.79426873
24133,135.7072244,5,24.40062805
24134,117.2053693,5,31.06039287
24136,112.8138614,5,35.82465755
24137,105.6628354,5,46.61935087
24138,107.395654,5,47.32691151
24141,102.4216138,5,47.32691151
24147,120.1245695,5,29.46424076
24148,105.2333114,5,21.63611769
24149,96.50647096,5,47.32691151
24150,152.3356871,5,36.40050352
24151,97.12675072,5,55.6471339
24153,67.64103206,5,48.57472571
24161,101.8902594,5,37.1772066
24162,89.09679583,5,47.32691151
24165,119.7053485,5,19.24190292
24171,128.3833644,5,25.29392677
24174,78.43669277,5,43.20680481
24175,63.43997824,5,39.57709719
24176,102.4454774,5,47.91956669
24179,63.76295569,5,52.73292078
24184,92.4727036,5,55.76879161
24185,137.4248219,5,49.22853143
24201,171.7493128,5,29.34179845
24202,174.2916517,5,29.34179845
24210,163.8999856,5,29.34179845
24211,164.5344599,5,29.34179845
24216,236.4843006,5,11.42788998
24219,224.4557646,5,12.90412359
24220,217.8296366,5,12.06166
24221,231.1167117,5,12.20614068
24224,197.6103016,5,29.27597085
24225,201.9386044,5,26.66417942
24228,227.5236466,5,5.454065256
24230,218.1894784,5,27.04028884
24236,168.3805372,5,29.34179845
24237,233.7952466,5,20.50138752
24243,226.2478485,5,15.70626958
24244,216.9860036,5,17.48150846
24245,221.1119927,5,28.29425198
24248,208.45536,5,41.00570996
24250,222.0117902,5,22.81272645
24251,204.4054812,5,22.81268983
24256,225.8215965,5,6.426862043
24258,203.4205252,5,25.50322341
24260,190.2986575,5,26.94674387
24263,220.7189264,5,22.67174029
24265,245.5868035,5,14.92623376
24266,183.4818161,5,26.41277373
24270,197.2028519,5,29.34179845
24271,208.5224779,5,25.75311925
24272,232.1385205,5,28.70119932
24273,215.1643498,5,14.63013468
24277,222.6865332,5,15.10904045
24279,209.6103011,5,4.928717352
24281,224.540635,5,34.81573075
24282,233.5208455,5,19.96945891
24283,207.9616632,5,29.27587301
24292,170.2448829,5,9.826750771
24293,217.5901166,5,12.38477205
24301,110.1489263,5,42.13989967
24311,133.8548707,5,29.34140089
24312,111.286551,5,29.31893435
24314,126.5839232,5,26.96508674
24315,128.2802035,5,26.43465917
24317,111.7869769,5,8.148457284
24318,126.6378141,5,26.4191951
24319,149.7671157,5,29.34179845
24322,131.1751996,5,28.2095101
24323,126.608182,5,29.57671887
24324,106.7109258,5,42.51950469
24325,119.9582545,5,28.64821775
24326,156.0055182,5,18.70436329
24328,108.1787714,5,13.52305157
24330,139.4606492,5,25.27457569
24333,120.320025,5,15.86779857
24340,147.3266303,5,29.34179845
24343,110.4422428,5,19.73497056
24347,128.1396004,5,43.87034769
24348,131.0396971,5,13.04743953
24350,125.7985033,5,31.57809095
24352,129.455376,5,16.91657839
24354,136.7380614,5,29.34140079
24360,107.7010303,5,35.00290479
24361,156.3511576,5,29.34179845
24363,151.5792688,5,10.12356833
24368,130.2129443,5,29.34184989
24370,158.2852519,5,29.34179845
24375,145.2327814,5,29.34140079
24380,125.1620769,5,42.17060502
24381,118.9504744,5,19.53078247
24382,108.7500747,5,29.34257574
24401,58.0732887,5,28.14671043
24416,61.0105883,5,6.704997814
24421,72.02517489,5,30.31832594
24422,78.22730193,5,12.46827651
24426,97.89209753,5,12.41604385
24430,91.64508868,5,17.57527288
24431,65.99961123,5,33.59849179
24435,57.59476557,5,8.135952152
24437,63.44117905,5,33.03833018
24440,56.75886181,5,19.7202062
24441,69.95272821,5,36.53866516
24445,105.8778894,5,12.88641017
24450,62.11829658,5,4.867286429
24458,106.0330355,5,28.84703821
24459,79.64932055,5,11.23679952
24460,111.8171293,5,10.99385755
24465,117.177915,5,28.84703821
24467,69.81437679,5,35.0051822
24471,73.20273496,5,36.37506776
24472,61.04352524,5,11.44715282
24477,60.57889493,5,26.39114365
24479,90.79037751,5,26.89697399
24482,57.78648384,5,30.86329861
24483,84.14178736,5,6.599064063
24484,137.2610023,5,13.590136
24485,91.07610676,5,28.84712972
24486,65.18959069,5,35.17391032
24487,133.6013189,5,4.670632743
24501,62.45495366,5,31.21585093
24502,64.8067876,5,30.49897432
24503,71.24199762,5,32.09818074
24504,62.98614168,5,30.33905078
24517,81.33312679,5,29.30436753
24520,117.4648525,5,22.88518095
24521,64.9597256,5,29.45832203
24522,86.21924954,5,28.72234913
24523,67.26944415,5,36.7879236
24527,116.3333977,5,25.99427023
24528,105.0323684,5,29.05348714
24529,106.1298365,5,14.30454642
24530,124.6169632,5,25.31389849
24531,117.5045453,5,28.64250334
24534,127.8972005,5,19.51947933
24538,74.44697625,5,28.72244413
24540,112.7757847,5,21.02036513
24541,109.0123986,5,14.58035597
24549,126.787467,5,24.67659849
24550,78.64385033,5,28.84645275
24551,74.04376526,5,30.7174983
24553,101.9292606,5,29.42544206
24554,82.89118501,5,29.01365138
24555,63.42326154,5,17.86651199
24556,85.33586365,5,30.25448725
24557,96.03125172,5,29.06787459
24558,117.5946335,5,23.74555778
24563,95.12526287,5,29.09131226
24565,127.3749845,5,28.30669354
24566,127.6279592,5,24.6429931
24569,108.7007896,5,29.05348714
24571,86.56607724,5,28.42829624
24572,68.59596069,5,29.93461475
24574,83.09748474,5,30.03670875
24577,110.4545049,5,29.05348714
24578,56.47988083,5,13.01171278
24579,69.8573314,5,16.76790903
24580,112.9808264,5,15.11258388
24586,119.4509909,5,19.30706432
24588,76.67258757,5,29.37118958
24589,117.4573979,5,16.08199314
24590,76.37246539,5,28.29315124
24592,114.0785758,5,23.14077137
24593,84.07221975,5,28.72234913
24594,133.8251404,5,20.78130899
24597,131.5675831,5,25.66621757
24598,121.9883828,5,17.58261163
24599,79.99037852,5,26.00895581
24602,183.9755655,5,30.07082054
24603,213.8211056,5,9.209528363
24605,137.2853867,5,30.27896226
24609,171.277819,5,30.27921696
24613,138.8052456,5,30.27896226
24614,209.7652321,5,11.49914271
24620,222.0686386,5,27.92334786
24628,222.3093062,5,7.12112215
24630,147.299763,5,30.07088435
24631,212.4517273,5,26.40199515
24634,215.8676431,5,30.76097201
24637,165.0054603,5,30.07082054
24639,184.453044,5,30.27921696
24641,174.7256921,5,30.07082054
24649,185.6086231,5,30.27921696
24651,153.766063,5,30.07088435
24656,220.3129954,5,18.90193952
24657,199.1535489,5,30.27921696
20118,46.51465369,5,7.572500953
20139,63.29108892,5,5.517624308
20144,55.10580265,5,5.526628026
20197,49.05302584,5,8.197416955
22125,18.31019122,5,9.797064205
22185,17.32682774,5,6.583954408
22214,13.13547563,5,2.345204433
22432,114.928601,5,2.997012775
22433,88.00151491,5,5.476877541
22476,88.12077766,5,1.914417262
22504,89.38562338,5,2.091594927
22509,81.39865876,5,1.91433937
22530,130.6089418,5,2.708143763
22535,70.55038499,5,1.914439846
22542,77.20626011,5,7.84136166
22548,118.9140876,5,13.42540496
22579,121.4609654,5,2.997223861
22623,73.02299752,5,3.908846009
22627,79.90141156,5,3.973257442
22641,77.88061265,5,11.66241055
22646,66.92818693,5,6.457112088
22660,71.20051004,5,15.46498941
22711,80.30124667,5,27.20767207
22716,83.19671408,5,4.134109852
22718,76.70995034,5,4.336045649
22719,83.65831879,5,19.38350533
22722,78.40763087,5,21.45911221
22723,64.56477948,5,29.28760945
22724,71.26380807,5,5.526628026
22729,80.78829244,5,8.665015641
22730,73.60468061,5,20.25293579
22731,66.38402671,5,26.62116734
22732,70.01271548,5,20.38978118
22736,82.6235661,5,6.620974705
22738,64.42777904,5,21.99330591
22741,75.81939559,5,2.126289841
22749,79.15359677,5,7.997571023
22820,126.235946,5,36.78685252
22845,100.9004369,5,27.60842741
22846,75.04077892,5,43.39192583
22850,86.23651948,5,43.4209796
22922,62.52535076,5,27.95603473
22931,50.49147109,5,26.68570841
22935,71.76400834,5,30.76207289
22938,56.85254626,5,24.87549787
22943,48.55335455,5,29.14574709
22948,76.50036604,5,15.95374004
22972,59.48314725,5,19.66285962
22989,72.05412138,5,16.20590727
23021,89.47795495,5,9.133327786
23023,73.08966392,5,23.02853476
23025,86.21029457,5,9.133327786
23032,79.33590362,5,1.964055452
23039,35.39391286,5,11.29792915
23045,98.29908827,5,9.133327786
23050,77.66891162,5,9.133557259
23056,85.37119254,5,9.133327786
23066,97.47351053,5,9.133557259
23068,90.2939811,5,9.133557259
23069,43.46516595,5,22.51930943
23084,44.15144769,5,7.082393839
23085,82.73286849,5,4.010844006
23091,73.88035873,5,2.900683981
23092,78.99345246,5,2.878510956
23108,82.95123561,5,2.900683981
23115,76.39556548,5,23.02853476
23125,111.8379824,5,9.133327786
23126,76.08442115,5,14.24047369
23130,102.8257862,5,9.133327786
23153,39.80587607,5,4.964499556
23160,56.31184873,5,5.68525362
23163,106.5961881,5,9.133327786
23176,94.63172976,5,7.869897174
23177,71.81989111,5,16.67143909
23187,47.1543188,5,9.133472997
23250,45.10798045,5,20.26181683
23302,139.7411052,5,3.298003969
23304,36.57528271,5,4.514698823
23306,103.6567496,5,3.298003969
23307,83.2221515,5,2.88327308
23313,62.39461663,5,2.88327308
23316,68.485538,5,2.88327308
23337,146.3367545,5,3.298003969
23354,93.39949644,5,2.883042666
23356,166.9862862,5,3.298003969
23358,124.9391944,5,3.298003969
23389,120.1775913,5,3.298003969
23398,108.3469071,5,3.298003969
23401,104.6255151,5,3.298003969
23407,132.3204913,5,3.298003969
23408,88.36148901,5,2.883042666
23409,142.8980758,5,3.298003969
23413,85.89518437,5,2.883042666
23416,139.8508493,5,3.298003969
23422,111.956435,5,3.298003969
23427,161.4589304,5,3.298003969
23441,113.9493671,5,3.298003969
23442,139.2822882,5,3.298003969
23459,35.63433108,5,2.97474098
23460,29.33186838,5,7.516512694
23461,34.99399879,5,7.377196311
23486,94.9673292,5,3.298003969
23488,151.345575,5,3.298003969
23511,18.44788032,5,6.618966853
23551,16.9148893,5,5.329141543
23651,21.9822296,5,4.874999487
23691,42.48941688,5,9.133472997
23709,12.84546313,5,5.941036321
23806,45.82536705,5,25.86464146
23827,99.34833525,5,2.401951676
23857,108.1314029,5,6.495318479
23879,87.74958367,5,11.96097793
23884,68.9160281,5,18.35681167
23889,75.01644604,5,25.21097554
23897,80.96875372,5,15.36164522
23899,78.0913754,5,2.459008153
23909,86.36381437,5,8.876411287
23915,108.2730915,5,2.319616705
23934,116.613098,5,27.28707002
23938,89.22553124,5,14.25566734
23943,92.64535329,5,8.579227661
23952,118.7926469,5,5.801082554
23963,109.6378055,5,28.52647561
23976,117.4309584,5,4.97164126
24058,116.6550578,5,46.38954494
24076,125.9665229,5,4.466671034
24077,61.53971167,5,41.66108339
24086,117.0421562,5,36.7859114
24093,122.5899605,5,30.86853897
24130,102.2899951,5,35.85867273
24131,120.8820117,5,39.4931895
24139,106.7220099,5,31.89616874
24167,119.0570212,5,32.39975593
24168,109.7641494,5,40.05886025
24217,219.1275734,5,19.58310177
24226,232.2998701,5,11.68142647
24239,215.0050543,5,19.23262322
24246,224.1994943,5,13.44700647
24269,228.224219,5,19.16512396
24280,175.4376911,5,26.89825219
24290,197.670702,5,22.59413106
24313,113.588497,5,38.17545058
24316,166.6709222,5,27.45926339
24351,106.0018451,5,5.597228283
24366,111.2062622,5,29.59094989
24374,127.1979341,5,27.780549
24377,161.2163452,5,26.43006684
24378,156.455704,5,22.26860302
24411,84.50712377,5,25.54447497
24412,131.2851019,5,13.590136
24413,145.48354,5,33.34199554
24415,66.51283498,5,8.893315825
24432,114.7815825,5,22.41834728
24433,122.0505195,5,28.84703821
24439,89.29861855,5,3.934045903
24442,98.79068086,5,28.84703821
24448,78.29833463,5,16.09896784
24457,93.95597534,5,12.81312162
24464,79.04418363,5,9.217639663
24473,76.80272124,5,3.442993244
24474,82.55782169,5,12.66807661
24476,63.63563232,5,11.45994789
24526,74.02748497,5,27.67264655
24536,74.55893963,5,30.45263546
24539,123.6606865,5,25.00816796
24562,92.1132047,5,26.69789792
24570,70.26131755,5,34.02247892
24581,81.09270732,5,27.24534444
24595,66.16999871,5,29.5470265
24601,183.1456123,5,30.27921696
24604,170.6260545,5,30.07082054
24606,152.0907009,5,30.72079284
24607,213.1790167,5,12.93189076
24612,177.0293466,5,30.07082054
24622,197.6933399,5,30.27921696
24635,141.5198316,5,30.72041127
24646,206.3660971,5,27.70520539
23440,,,
